article_doi,venue,article_title,software_label_from_repo,software_label_from_title,repo_url_P1324,swhid_P6138,publication_date_P577,publisher_P123,language_P407,venue_name_P1433,issn,article_doi_url,crossref_ref_url,crossref_stated_in,repo_ref_url_P854,repo_stated_in,retrieved_P813
10.1145/3639261,SIGMOD,Proximity Queries on Point Clouds using Rapid Construction Path Oracle,pointcloudpathcode,,https://github.com/yanyinzhao/pointcloudpathcode,swh:1:dir:140eab3e0b8ee9f3e0f7e17309164e3d7ff3784e;origin=https://github.com/yanyinzhao/pointcloudpathcode;visit=swh:1:snp:573118f922982a2d0e74ff8a0a4898862191ed19;anchor=swh:1:rev:9673d76eb3890f84c12ff4f320927112990646c1,2024-03-12,Association for Computing Machinery (ACM),en,Proceedings of the ACM on Management of Data,2836-6573,https://doi.org/10.1145/3639261,https://api.crossref.org/works/10.1145/3639261,Crossref,https://dl.acm.org/doi/10.1145/3687998.3717036,SIGMOD Availability & Reproducibility Initiative,18 June 2026
10.1145/3654964,SIGMOD,PimPam: Efficient Graph Pattern Matching on Real Processing-in-Memory Hardware,pimpam-reproduce,PimPam,https://github.com/tonycaisy/pimpam-reproduce,swh:1:dir:da7d34392888f720d0c44910ce7a5911bd57db62;origin=https://github.com/tonycaisy/pimpam-reproduce;visit=swh:1:snp:c3dba7db51845cdf7a045349de0f887e9802416d;anchor=swh:1:rev:3c48293ea36cec2b128781f0df3e459818cfbf41,2024-05-29,Association for Computing Machinery (ACM),en,Proceedings of the ACM on Management of Data,2836-6573,https://doi.org/10.1145/3654964,https://api.crossref.org/works/10.1145/3654964,Crossref,https://dl.acm.org/doi/10.1145/3687998.3717042,SIGMOD Availability & Reproducibility Initiative,18 June 2026
10.1145/3639257,SIGMOD,Optimizing Distributed Protocols with Query Rewrites,autocomp,,https://github.com/rithvikp/autocomp,swh:1:dir:09052400b2ad9ec95d7903a60666fa86934ec6d6;origin=https://github.com/rithvikp/autocomp;visit=swh:1:snp:2dccd7a0e5b252c6040cf05fd995817da5f30a47;anchor=swh:1:rev:bfe775a880badd23d57b96d0e109adb5646da06f,2024-03-12,Association for Computing Machinery (ACM),en,Proceedings of the ACM on Management of Data,2836-6573,https://doi.org/10.1145/3639257,https://api.crossref.org/works/10.1145/3639257,Crossref,https://dl.acm.org/doi/10.1145/3687998.3717041,SIGMOD Availability & Reproducibility Initiative,18 June 2026
10.1145/3626731,SIGMOD,Hierarchical Cut Labelling - Scaling Up Distance Queries on Road Networks,road-networks,Hierarchical Cut Labelling,https://github.com/henningkoehlernz/road-networks,swh:1:dir:b0b37482968b7a026e19d6fec7a44fdc0ba9e475;origin=https://github.com/henningkoehlernz/road-networks;visit=swh:1:snp:6bed864363b7ce7827c6e13be1194b603fb427cd;anchor=swh:1:rev:4721deb8b5a1c00524a1ba543a6394a70cad55a0,2023-12-08,Association for Computing Machinery (ACM),en,Proceedings of the ACM on Management of Data,2836-6573,https://doi.org/10.1145/3626731,https://api.crossref.org/works/10.1145/3626731,Crossref,https://dl.acm.org/doi/10.1145/3687998.3717054,SIGMOD Availability & Reproducibility Initiative,18 June 2026
10.1145/3626768,SIGMOD,Proving Query Equivalence Using Linear Integer Arithmetic,sqlsolver-artifacts,,https://github.com/sjtu-ipads/sqlsolver-artifacts,swh:1:dir:bac97edd67af1bfc696aa15e25004948cd78a0a2;origin=https://github.com/sjtu-ipads/sqlsolver-artifacts;visit=swh:1:snp:cec82044e737adae7439c819860c07c16daf06e1;anchor=swh:1:rev:a73f9586bed0283728483426cab898bc9e24d1c5,2023-12-08,Association for Computing Machinery (ACM),en,Proceedings of the ACM on Management of Data,2836-6573,https://doi.org/10.1145/3626768,https://api.crossref.org/works/10.1145/3626768,Crossref,https://dl.acm.org/doi/10.1145/3687998.3717037,SIGMOD Availability & Reproducibility Initiative,18 June 2026
10.1145/3654940,SIGMOD,Faster Algorithms for Fair Max-Min Diversification in R d,fairdiversityandclustering,,https://github.com/uic-db-theory/fairdiversityandclustering,swh:1:dir:f3f15e682069374c56bef76424e2d11d4492c03d;origin=https://github.com/uic-db-theory/fairdiversityandclustering;visit=swh:1:snp:6e379dcc50bc3e197ab3ea98d71c515faaa7bbbe;anchor=swh:1:rev:0a7225cb4642ea06d20bd5c0e7ddebdffc875ab8,2024-05-29,Association for Computing Machinery (ACM),en,Proceedings of the ACM on Management of Data,2836-6573,https://doi.org/10.1145/3654940,https://api.crossref.org/works/10.1145/3654940,Crossref,https://dl.acm.org/doi/10.1145/3687998.3717058,SIGMOD Availability & Reproducibility Initiative,18 June 2026
10.1145/3654919,SIGMOD,Can Learned Indexes be Built Efficiently? A Deep Dive into Sampling Trade-offs,basil,,https://github.com/dku-starlab/basil,swh:1:dir:7a8c56ebbf352a34e91b7d5b469f0d96bddf4ffa;origin=https://github.com/dku-starlab/basil;visit=swh:1:snp:2611d343f47575812f3534251c7382e86938ee07;anchor=swh:1:rev:cc600dde8dd5019328d7a4a07dfc7dd51258648f,2024-05-29,Association for Computing Machinery (ACM),en,Proceedings of the ACM on Management of Data,2836-6573,https://doi.org/10.1145/3654919,https://api.crossref.org/works/10.1145/3654919,Crossref,https://dl.acm.org/doi/10.1145/3687998.3717055,SIGMOD Availability & Reproducibility Initiative,18 June 2026
10.1145/3654969,SIGMOD,Query Refinement for Diverse Top-k Selection,diverse-top-k,,https://github.com/fsalc/diverse-top-k,swh:1:dir:991efe9a977302b95a12a3edc8ef28de9a352090;origin=https://github.com/fsalc/diverse-top-k;visit=swh:1:snp:b3d427cd67b2bc3f9d207389f97d07c4c1f73620;anchor=swh:1:rev:bca4b64a84d35b2553e61a59e5e9e214742792d0,2024-05-29,Association for Computing Machinery (ACM),en,Proceedings of the ACM on Management of Data,2836-6573,https://doi.org/10.1145/3654969,https://api.crossref.org/works/10.1145/3654969,Crossref,https://dl.acm.org/doi/10.1145/3687998.3717052,SIGMOD Availability & Reproducibility Initiative,18 June 2026
10.1145/3639258,SIGMOD,Grafite: Taming Adversarial Queries with Optimal Range Filters,grafite-experiments,Grafite,https://github.com/marcocosta97/grafite-experiments,swh:1:dir:bfade54ab2d1a3b3133e88e2d07c60931da27845;origin=https://github.com/marcocosta97/grafite-experiments;visit=swh:1:snp:498fadeb2030175e703df789c253a41a6cf79914;anchor=swh:1:rev:4a1c277fb1bd73b18cea4fcc084c0d105a527b31,2024-03-12,Association for Computing Machinery (ACM),en,Proceedings of the ACM on Management of Data,2836-6573,https://doi.org/10.1145/3639258,https://api.crossref.org/works/10.1145/3639258,Crossref,https://dl.acm.org/doi/10.1145/3687998.3717045,SIGMOD Availability & Reproducibility Initiative,18 June 2026
10.1145/3626729,SIGMOD,FACET: Robust Counterfactual Explanation Analytics,facet,FACET,https://github.com/petervannostrand/facet,swh:1:dir:68099eb6a9c5a723a20175dd56a58f1623293f34;origin=https://github.com/petervannostrand/facet;visit=swh:1:snp:118fdcf44cb946abcf0e463c021f5fb0ed395c01;anchor=swh:1:rev:70d981fcae021d68cbec848bb87f813fc7ed942c,2023-12-08,Association for Computing Machinery (ACM),en,Proceedings of the ACM on Management of Data,2836-6573,https://doi.org/10.1145/3626729,https://api.crossref.org/works/10.1145/3626729,Crossref,https://dl.acm.org/doi/10.1145/3687998.3717053,SIGMOD Availability & Reproducibility Initiative,18 June 2026
10.1145/3639306,SIGMOD,"CAFE: Towards Compact, Adaptive, and Fast Embedding for Large-scale Recommendation Models",cafe,CAFE,https://github.com/hugozhl/cafe,swh:1:dir:41de3d7aa1abefff11fe3b1fedc0285e14f244be;origin=https://github.com/hugozhl/cafe;visit=swh:1:snp:fca816059144e39e0dafb6cd4f67544ec77364c3;anchor=swh:1:rev:c757c39e9a497202939904ae5b358eff426ccfda,2024-03-12,Association for Computing Machinery (ACM),en,Proceedings of the ACM on Management of Data,2836-6573,https://doi.org/10.1145/3639306,https://api.crossref.org/works/10.1145/3639306,Crossref,https://dl.acm.org/doi/10.1145/3687998.3717038,SIGMOD Availability & Reproducibility Initiative,18 June 2026
10.1145/3654980,SIGMOD,Temporal JSON Keyword Search,temporalhierarchicalkeywordsearch,,https://github.com/cdyreson/temporalhierarchicalkeywordsearch,swh:1:dir:b2561556dcf7ec50f23c7630f8db94ea08cfe31a;origin=https://github.com/cdyreson/temporalhierarchicalkeywordsearch;visit=swh:1:snp:21b587199577f2b8d0141fe02cdf9aa34a88c9a7;anchor=swh:1:rev:706610241a802c542a15e69876c2cc06f9bb395b,2024-05-29,Association for Computing Machinery (ACM),en,Proceedings of the ACM on Management of Data,2836-6573,https://doi.org/10.1145/3654980,https://api.crossref.org/works/10.1145/3654980,Crossref,https://dl.acm.org/doi/10.1145/3687998.3717048,SIGMOD Availability & Reproducibility Initiative,18 June 2026
10.1145/3626761,SIGMOD,DProvDB: Differentially Private Query Processing with Multi-Analyst Provenance,dprovdb,DProvDB,https://github.com/dprovdb/dprovdb,swh:1:dir:15f00c17467de80f541e9e595a2ebcf0f1e2f95d;origin=https://github.com/dprovdb/dprovdb;visit=swh:1:snp:4f4cc364cdb5bf68e013214d637878bde89af435;anchor=swh:1:rev:c7a4cba240f89a8fb696e40557fe1c44fb4785b4,2023-12-08,Association for Computing Machinery (ACM),en,Proceedings of the ACM on Management of Data,2836-6573,https://doi.org/10.1145/3626761,https://api.crossref.org/works/10.1145/3626761,Crossref,https://dl.acm.org/doi/10.1145/3687998.3717043,SIGMOD Availability & Reproducibility Initiative,18 June 2026
10.1145/3639268,SIGMOD,PECJ: Stream Window Join on Disorder Data Streams with Proactive Error Compensation,pecj,PECJ,https://github.com/intellistream/pecj,swh:1:dir:c5754c948fb27dc22442199a328d873f20937fec;origin=https://github.com/intellistream/pecj;visit=swh:1:snp:73ddd225e1d25ecfb42c41a64c99b96188df243d;anchor=swh:1:rev:a01d169fc0bcb322aa9916a2e3c6d8ca707403e5,2024-03-12,Association for Computing Machinery (ACM),en,Proceedings of the ACM on Management of Data,2836-6573,https://doi.org/10.1145/3639268,https://api.crossref.org/works/10.1145/3639268,Crossref,https://dl.acm.org/doi/10.1145/3687998.3717035,SIGMOD Availability & Reproducibility Initiative,18 June 2026
10.1145/3626739,SIGMOD,NOCAP: Near-Optimal Correlation-Aware Partitioning Joins,nocap-join,NOCAP,https://github.com/bu-disc/nocap-join,swh:1:dir:65f0b9c95b43aba97be0cccf28d69abda1f73f36;origin=https://github.com/bu-disc/nocap-join;visit=swh:1:snp:60612b01099ac8ac388a12219b4aff9898d007da;anchor=swh:1:rev:c41d8609b02137d794c1637086a90082209f43e9,2023-12-08,Association for Computing Machinery (ACM),en,Proceedings of the ACM on Management of Data,2836-6573,https://doi.org/10.1145/3626739,https://api.crossref.org/works/10.1145/3626739,Crossref,https://dl.acm.org/doi/10.1145/3687998.3717047,SIGMOD Availability & Reproducibility Initiative,18 June 2026
10.1145/3639313,SIGMOD,Dias: Dynamic Rewriting of Pandas Code,dias-benchmarks,Dias,https://github.com/adapt-uiuc/dias-benchmarks,swh:1:dir:ea3e8ef3bf97db85a90ef9d7fc631c504f27645e;origin=https://github.com/adapt-uiuc/dias-benchmarks;visit=swh:1:snp:1dbf61dceb52c99378b70739c8c372a99c8ec4cb;anchor=swh:1:rev:1fd6276b147fb666a2f56a3c0d47c099aca4e3c0,2024-03-12,Association for Computing Machinery (ACM),en,Proceedings of the ACM on Management of Data,2836-6573,https://doi.org/10.1145/3639313,https://api.crossref.org/works/10.1145/3639313,Crossref,https://dl.acm.org/doi/10.1145/3687998.3717051,SIGMOD Availability & Reproducibility Initiative,18 June 2026
10.1145/3617331,SIGMOD,Fast Maximal Quasi-clique Enumeration: A Pruning and Branching Co-Design Approach,sigmod24-ari,Fast Maximal Quasi-clique Enumeration,https://github.com/kaiqiangyu/sigmod24-ari,swh:1:dir:1015ee5b9ce8eac4af2bf21d99166f7f5a4896c4;origin=https://github.com/kaiqiangyu/sigmod24-ari;visit=swh:1:snp:9a0c6fad8cc5273539572e8f531136a1e436daef;anchor=swh:1:rev:2408c419575caddedeb280309747a0cc74a6e6a5,2023-11-13,Association for Computing Machinery (ACM),en,Proceedings of the ACM on Management of Data,2836-6573,https://doi.org/10.1145/3617331,https://api.crossref.org/works/10.1145/3617331,Crossref,https://dl.acm.org/doi/10.1145/3687998.3717040,SIGMOD Availability & Reproducibility Initiative,18 June 2026
10.1145/3588913,SIGMOD,MorphStream: Adaptive Scheduling for Scalable Transactional Stream Processing on Multicores,morphstream,MorphStream,https://github.com/intellistream/morphstream,swh:1:dir:c03c0d0b827abc86009be31bb0d18674a16829c2;origin=https://github.com/intellistream/morphstream;visit=swh:1:snp:611ee47ef14a97aae5d0337e0e4ade349236fb07;anchor=swh:1:rev:5529f03f3b5dfa4d9ecbbfb5b9262608cbb513b6,2023-05-26,Association for Computing Machinery (ACM),en,Proceedings of the ACM on Management of Data,2836-6573,https://doi.org/10.1145/3588913,https://api.crossref.org/works/10.1145/3588913,Crossref,https://dl.acm.org/doi/10.1145/3687998.3717046,SIGMOD Availability & Reproducibility Initiative,18 June 2026
10.1145/3639297,SIGMOD,PreVision: An Out-of-Core Matrix Computation System with Optimal Buffer Replacement,prevision,PreVision,https://github.com/snu-dbs/prevision,swh:1:dir:6bacf9321d9559007a44c7391a0ff346f6837531;origin=https://github.com/snu-dbs/prevision;visit=swh:1:snp:8cfaefc9c09e15a83dcff033faf819f10db22303;anchor=swh:1:rev:508f83b6860156e0300bf1c486b2b2f780a87848,2024-03-12,Association for Computing Machinery (ACM),en,Proceedings of the ACM on Management of Data,2836-6573,https://doi.org/10.1145/3639297,https://api.crossref.org/works/10.1145/3639297,Crossref,https://dl.acm.org/doi/10.1145/3687998.3717050,SIGMOD Availability & Reproducibility Initiative,18 June 2026
10.1145/3626717,SIGMOD,ALP: Adaptive Lossless floating-Point Compression,alp,ALP,https://github.com/cwida/alp,swh:1:dir:f08f2232d1e773ce3593647445513930553a44d9;origin=https://github.com/cwida/alp;visit=swh:1:snp:eecbb72e5e7dfb4246465167b83a85a42af98511;anchor=swh:1:rev:31ca0ed11c93c99d3f5b5c30e01a3e1c3832d3ce,2023-12-08,Association for Computing Machinery (ACM),en,Proceedings of the ACM on Management of Data,2836-6573,https://doi.org/10.1145/3626717,https://api.crossref.org/works/10.1145/3626717,Crossref,https://dl.acm.org/doi/10.1145/3687998.3717057,SIGMOD Availability & Reproducibility Initiative,18 June 2026
10.1145/3626715,SIGMOD,A Unified Approach for Resilience and Causal Responsibility with Integer Linear Programming (ILP) and LP Relaxations,resilience-responsibility-ilp,,https://github.com/northeastern-datalab/resilience-responsibility-ilp,swh:1:dir:f90e5d0f8f5796cff90b54a7a411ad2b9acd5394;origin=https://github.com/northeastern-datalab/resilience-responsibility-ilp;visit=swh:1:snp:1e16493044c6f898a45ff342d31f0aa5f319eb2f;anchor=swh:1:rev:1411ff0855eb7e06b7c7b4812ffdd11abda29ec6,2023-12-08,Association for Computing Machinery (ACM),en,Proceedings of the ACM on Management of Data,2836-6573,https://doi.org/10.1145/3626715,https://api.crossref.org/works/10.1145/3626715,Crossref,https://dl.acm.org/doi/10.1145/3687998.3717049,SIGMOD Availability & Reproducibility Initiative,18 June 2026
10.1145/3639316,SIGMOD,On The Reasonable Effectiveness of Relational Diagrams: Explaining Relational Query Patterns and the Pattern Expressiveness of Relational Languages,rel-diag_mturk_analysis,,https://github.com/visdunneright/rel-diag_mturk_analysis,swh:1:dir:511336bbe8c6068dd8b3617d24d1e6214624de00;origin=https://github.com/visdunneright/rel-diag_mturk_analysis;visit=swh:1:snp:5788c3d14e474ee64424a3062809d1a1b6611b07;anchor=swh:1:rev:32e69d7e91e1fd4fde1fed3e3f50f28b084287ad,2024-03-12,Association for Computing Machinery (ACM),en,Proceedings of the ACM on Management of Data,2836-6573,https://doi.org/10.1145/3639316,https://api.crossref.org/works/10.1145/3639316,Crossref,https://dl.acm.org/doi/10.1145/3687998.3717044,SIGMOD Availability & Reproducibility Initiative,18 June 2026
10.1145/3654988,SIGMOD,StarfishDB: A Query Execution Engine for Relational Probabilistic Programming,starfishdb_sigmod2024_ari,StarfishDB,https://github.com/nmeneghetti2/starfishdb_sigmod2024_ari,swh:1:dir:73fd7f6d19a256bee1f67718ed420a14173bdefa;origin=https://github.com/nmeneghetti2/starfishdb_sigmod2024_ari;visit=swh:1:snp:6e169cf94304b5f66667476185ea50c5e94eaa33;anchor=swh:1:rev:7610805ea44aff9066e7cac92b3612fe250f1129,2024-05-29,Association for Computing Machinery (ACM),en,Proceedings of the ACM on Management of Data,2836-6573,https://doi.org/10.1145/3654988,https://api.crossref.org/works/10.1145/3654988,Crossref,https://dl.acm.org/doi/10.1145/3687998.3717056,SIGMOD Availability & Reproducibility Initiative,18 June 2026
10.1145/3588724,SIGMOD,Polaris: Enabling Transaction Priority in Optimistic Concurrency Control,polaris,Polaris,https://github.com/chenhao-ye/polaris,swh:1:dir:eb2f9f5c4a3c3d988c09ffe804690f4e0a9a4dce;origin=https://github.com/chenhao-ye/polaris;visit=swh:1:snp:e4b0e0e9aa51cdd106c5be44efaea11904260f22;anchor=swh:1:rev:d4d7b7b4ba41ae2ac401efdbbf7f64cc4dc961a9,2023-05-26,Association for Computing Machinery (ACM),en,Proceedings of the ACM on Management of Data,2836-6573,https://doi.org/10.1145/3588724,https://api.crossref.org/works/10.1145/3588724,Crossref,https://reproducibility.sigmod.org/rep_rep/2023/SIGMOD23ARIReport-10.pdf,SIGMOD Availability & Reproducibility Initiative,18 June 2026
10.1145/3588907,SIGMOD,SafeBound: A Practical System for Generating Cardinality Bounds,safebound,SafeBound,https://github.com/kylebd99/safebound,swh:1:dir:2ec04cc420abe767604b90370d034c618403b362;origin=https://github.com/kylebd99/safebound;visit=swh:1:snp:231af0c81eacaf9f6f0206b6b8a2b4e01d9de920;anchor=swh:1:rev:174428e4bccfc46de8370681ca4e3d30276b5b04,2023-05-26,Association for Computing Machinery (ACM),en,Proceedings of the ACM on Management of Data,2836-6573,https://doi.org/10.1145/3588907,https://api.crossref.org/works/10.1145/3588907,Crossref,https://reproducibility.sigmod.org/rep_rep/2023/SIGMOD23ARIReport-11.pdf,SIGMOD Availability & Reproducibility Initiative,18 June 2026
10.1145/3589278,SIGMOD,Efficient Star-based Truss Maintenance on Dynamic Graphs,trussmaintenance,,https://github.com/jinrdfh/trussmaintenance,swh:1:dir:b525f7b37f0ba03e9c88e58631351dc9b3f6c1b8;origin=https://github.com/jinrdfh/trussmaintenance;visit=swh:1:snp:2bf7640204a073428b68852e9dbe271bde2554dd;anchor=swh:1:rev:8e9af42f2dfcbaa402edb5d052a1a5ff24bff5d0,2023-06-13,Association for Computing Machinery (ACM),en,Proceedings of the ACM on Management of Data,2836-6573,https://doi.org/10.1145/3589278,https://api.crossref.org/works/10.1145/3589278,Crossref,https://reproducibility.sigmod.org/rep_rep/2023/SIGMOD23ARIReport-13.pdf,SIGMOD Availability & Reproducibility Initiative,18 June 2026
10.1145/3588928,SIGMOD,T-FSM: A Task-Based System for Massively Parallel Frequent Subgraph Pattern Mining from a Big Graph,t-fsm,T-FSM,https://github.com/lyuheng/t-fsm,swh:1:dir:8f24ef833faee1e1a534386125f2cc7665b2befc;origin=https://github.com/lyuheng/t-fsm;visit=swh:1:snp:288ccb7e0de7d27f890f46e99dfa8bf9f979acaa;anchor=swh:1:rev:a87f1c69119eac108b03c512fd497797e2363550,2023-05-26,Association for Computing Machinery (ACM),en,Proceedings of the ACM on Management of Data,2836-6573,https://doi.org/10.1145/3588928,https://api.crossref.org/works/10.1145/3588928,Crossref,https://reproducibility.sigmod.org/rep_rep/2023/SIGMOD23ARIReport-18.pdf,SIGMOD Availability & Reproducibility Initiative,18 June 2026
10.1145/3589314,SIGMOD,Efficient and Effective Algorithms for Generalized Densest Subgraph Discovery,ds_dalks,,https://github.com/xyc-arch/ds_dalks,swh:1:dir:0b98f6409e307655a9ba4da75b38af30a0cd3148;origin=https://github.com/xyc-arch/ds_dalks;visit=swh:1:snp:ce32070b0b324be5536f54602badcfbea4bc6284;anchor=swh:1:rev:0000298c5d0c9e5ebf9a774d38b557e4af585530,2023-06-13,Association for Computing Machinery (ACM),en,Proceedings of the ACM on Management of Data,2836-6573,https://doi.org/10.1145/3589314,https://api.crossref.org/works/10.1145/3589314,Crossref,https://reproducibility.sigmod.org/rep_rep/2023/SIGMOD23ARIReport-19.pdf,SIGMOD Availability & Reproducibility Initiative,18 June 2026
10.1145/3589265,SIGMOD,GIO: Generating Efficient Matrix and Frame Readers for Custom Data Formats by Example,reproducibility,GIO,https://github.com/damslab/reproducibility,swh:1:dir:8010cfd063c75bbef1c758397ba8e69aa49ab282;origin=https://github.com/damslab/reproducibility;visit=swh:1:snp:154724cdaaffb662869228775ea0d65a48458880;anchor=swh:1:rev:3fad358974c895cb639782995218bde42324d1ae,2023-06-13,Association for Computing Machinery (ACM),en,Proceedings of the ACM on Management of Data,2836-6573,https://doi.org/10.1145/3589265,https://api.crossref.org/works/10.1145/3589265,Crossref,https://reproducibility.sigmod.org/rep_rep/2023/SIGMOD23ARIReport-20.pdf,SIGMOD Availability & Reproducibility Initiative,18 June 2026
10.1145/3588682,SIGMOD,"AWARE: Workload-aware, Redundancy-exploiting Linear Algebra",reproducibility,AWARE,https://github.com/damslab/reproducibility,swh:1:dir:8010cfd063c75bbef1c758397ba8e69aa49ab282;origin=https://github.com/damslab/reproducibility;visit=swh:1:snp:154724cdaaffb662869228775ea0d65a48458880;anchor=swh:1:rev:3fad358974c895cb639782995218bde42324d1ae,2023-05-26,Association for Computing Machinery (ACM),en,Proceedings of the ACM on Management of Data,2836-6573,https://doi.org/10.1145/3588682,https://api.crossref.org/works/10.1145/3588682,Crossref,https://reproducibility.sigmod.org/rep_rep/2023/SIGMOD23ARIReport-21.pdf,SIGMOD Availability & Reproducibility Initiative,18 June 2026
10.1145/3588688,SIGMOD,iFlipper: Label Flipping for Individual Fairness,iflipper,iFlipper,https://github.com/khtae8250/iflipper,swh:1:dir:f476889c602fe62e8bf23bce1daad410cd18c87a;origin=https://github.com/khtae8250/iflipper;visit=swh:1:snp:335cbef1dc88f53c422593da171c484013cdc766;anchor=swh:1:rev:ba2fe42c477c1adcf945b77573036488e4588d07,2023-05-26,Association for Computing Machinery (ACM),en,Proceedings of the ACM on Management of Data,2836-6573,https://doi.org/10.1145/3588688,https://api.crossref.org/works/10.1145/3588688,Crossref,https://reproducibility.sigmod.org/rep_rep/2023/SIGMOD23ARIReport-22.pdf,SIGMOD Availability & Reproducibility Initiative,18 June 2026
10.1145/3589289,SIGMOD,ML2DAC: Meta-Learning to Democratize AutoML for Clustering Analysis,ml2dac,ML2DAC,https://github.com/tschechlovdev/ml2dac,swh:1:dir:a17f4110bc0c629816ff355a77c90fd30edfeb4a;origin=https://github.com/tschechlovdev/ml2dac;visit=swh:1:snp:630e15bbe5d1dcd4137ac602c98617c79d3a22f0;anchor=swh:1:rev:c946b9eaf58d9e7a566e95f785303da850747653,2023-06-13,Association for Computing Machinery (ACM),en,Proceedings of the ACM on Management of Data,2836-6573,https://doi.org/10.1145/3589289,https://api.crossref.org/works/10.1145/3589289,Crossref,https://reproducibility.sigmod.org/rep_rep/2023/SIGMOD23ARIReport-24.pdf,SIGMOD Availability & Reproducibility Initiative,18 June 2026
10.1145/3589270,SIGMOD,LightCTS: A Lightweight Framework for Correlated Time Series Forecasting,artifact-lightcts,LightCTS,https://github.com/ryanlaics/artifact-lightcts,swh:1:dir:43adcb8cb6efc2905a39530696d906bb45d76175;origin=https://github.com/ryanlaics/artifact-lightcts;visit=swh:1:snp:fa38d58d7c03f352656194f4575a5f72fae06589;anchor=swh:1:rev:8da75cd5399103032b0fdae573d5d1ea2158c6f6,2023-06-13,Association for Computing Machinery (ACM),en,Proceedings of the ACM on Management of Data,2836-6573,https://doi.org/10.1145/3589270,https://api.crossref.org/works/10.1145/3589270,Crossref,https://reproducibility.sigmod.org/rep_rep/2023/SIGMOD23ARIReport-27.pdf,SIGMOD Availability & Reproducibility Initiative,18 June 2026
10.1145/3589313,SIGMOD,DeltaBoost: Gradient Boosting Decision Trees with Efficient Machine Unlearning,deltaboost,DeltaBoost,https://github.com/xtra-computing/deltaboost,swh:1:dir:f397d00a7ea36bf07a8e5ce3067af1bad76cf32f;origin=https://github.com/xtra-computing/deltaboost;visit=swh:1:snp:64020b5ccaa2cb76eb190658a2e4a72c3e07b1fe;anchor=swh:1:rev:91524201a5694600ab1d83d667c72fa67cc12dd5,2023-06-13,Association for Computing Machinery (ACM),en,Proceedings of the ACM on Management of Data,2836-6573,https://doi.org/10.1145/3589313,https://api.crossref.org/works/10.1145/3589313,Crossref,https://reproducibility.sigmod.org/rep_rep/2023/SIGMOD23ARIReport-28.pdf,SIGMOD Availability & Reproducibility Initiative,18 June 2026
10.1145/3588911,SIGMOD,A Universal Question-Answering Platform for Knowledge Graphs,kgqan,,https://github.com/cods-gcs/kgqan,swh:1:dir:ab170ec01236696b7c7345f741ab84ac484199a8;origin=https://github.com/cods-gcs/kgqan;visit=swh:1:snp:539a24781521698a7db8fdb7bb31c1baa0b2f668;anchor=swh:1:rev:65fd5c8b3f7c7f278287cdf28853f9ed99900de3,2023-05-26,Association for Computing Machinery (ACM),en,Proceedings of the ACM on Management of Data,2836-6573,https://doi.org/10.1145/3588911,https://api.crossref.org/works/10.1145/3588911,Crossref,https://reproducibility.sigmod.org/rep_rep/2023/SIGMOD23ARIReport-29.pdf,SIGMOD Availability & Reproducibility Initiative,18 June 2026
10.1145/3589285,SIGMOD,InfiniFilter: Expanding Filters to Infinity and Beyond,filterlibrary,InfiniFilter,https://github.com/nivdayan/filterlibrary,swh:1:dir:0581cf09af469143c5819f0e99ef623d63c7afd6;origin=https://github.com/nivdayan/filterlibrary;visit=swh:1:snp:15c0f4981348aac847f2badccbc06e448b57e690;anchor=swh:1:rev:7c937da1b0d84a3a17fed6be8c35367b0af330ae,2023-06-13,Association for Computing Machinery (ACM),en,Proceedings of the ACM on Management of Data,2836-6573,https://doi.org/10.1145/3589285,https://api.crossref.org/works/10.1145/3589285,Crossref,https://reproducibility.sigmod.org/rep_rep/2023/SIGMOD23ARIReport-32.pdf,SIGMOD Availability & Reproducibility Initiative,18 June 2026
10.1145/3588694,SIGMOD,EAR-Oracle: On Efficient Indexing for Distance Queries between Arbitrary Points on Terrain Surface,weighted_distance_oracle,EAR-Oracle,https://github.com/itakejgo/weighted_distance_oracle,swh:1:dir:31e797f26b28be1d32a788130f7916bac91bae87;origin=https://github.com/itakejgo/weighted_distance_oracle;visit=swh:1:snp:78cbe78665ee3dd5f78390ecf247ed3ff840c99c;anchor=swh:1:rev:2343aa97d9ec527a9ee85b7b380fe12e32651bf6,2023-05-26,Association for Computing Machinery (ACM),en,Proceedings of the ACM on Management of Data,2836-6573,https://doi.org/10.1145/3588694,https://api.crossref.org/works/10.1145/3588694,Crossref,https://reproducibility.sigmod.org/rep_rep/2023/SIGMOD23ARIReport-35.pdf,SIGMOD Availability & Reproducibility Initiative,18 June 2026
10.1145/3588927,SIGMOD,Efficiently Computing Join Orders with Heuristic Search,mutable,,https://github.com/mutable-org/mutable,swh:1:dir:87e78f34716c976afe1ae8972e072a64f3aae55b;origin=https://github.com/mutable-org/mutable;visit=swh:1:snp:26de51a61444145b1cd750a98ee20d8690458c2d;anchor=swh:1:rev:1a4e8bd328d52d7943e70c6c3bfab90125102f49,2023-05-26,Association for Computing Machinery (ACM),en,Proceedings of the ACM on Management of Data,2836-6573,https://doi.org/10.1145/3588927,https://api.crossref.org/works/10.1145/3588927,Crossref,https://reproducibility.sigmod.org/rep_rep/2023/SIGMOD23ARIReport-36.pdf,SIGMOD Availability & Reproducibility Initiative,18 June 2026
10.1145/3588946,SIGMOD,Ready to Leap (by Co-Design)? Join Order Optimisation on Quantum Hardware,sigmod23-reproduction,,https://github.com/lfd/sigmod23-reproduction,swh:1:dir:a52b1158a029b69df1b5af7afefba10efe186c43;origin=https://github.com/lfd/sigmod23-reproduction;visit=swh:1:snp:9fcae7a1f9bf3b13b543fc6b2ecc23be465a3f71;anchor=swh:1:rev:93dfe882e7c062c6f813060764b32a9c73f89394,2023-05-26,Association for Computing Machinery (ACM),en,Proceedings of the ACM on Management of Data,2836-6573,https://doi.org/10.1145/3588946,https://api.crossref.org/works/10.1145/3588946,Crossref,https://reproducibility.sigmod.org/rep_rep/2023/SIGMOD23ARIReport-37.pdf,SIGMOD Availability & Reproducibility Initiative,18 June 2026
10.1145/3589269,SIGMOD,A Step Toward Deep Online Aggregation,deepola,,https://github.com/illinoisdata/deepola,swh:1:dir:5f570b316e5d034620a7074d83b7f4a0c1f5f00c;origin=https://github.com/illinoisdata/deepola;visit=swh:1:snp:4198713c28a4d652dc8d27b0bf380291a9cd7517;anchor=swh:1:rev:1bee01ec208852a9e4630d2d1f00975e0259e9cd,2023-06-13,Association for Computing Machinery (ACM),en,Proceedings of the ACM on Management of Data,2836-6573,https://doi.org/10.1145/3589269,https://api.crossref.org/works/10.1145/3589269,Crossref,https://reproducibility.sigmod.org/rep_rep/2023/SIGMOD23ARIReport-38.pdf,SIGMOD Availability & Reproducibility Initiative,18 June 2026
10.1145/3589282,SIGMOD,High-Dimensional Approximate Nearest Neighbor Search: with Reliable and Efficient Distance Comparison Operations,adsampling,,https://github.com/gaoj0017/adsampling,swh:1:dir:4e3d8248f50e99f7699e7f71b78e855123b1526a;origin=https://github.com/gaoj0017/adsampling;visit=swh:1:snp:2be9b642e65351a0900c5a0f11b999802864f502;anchor=swh:1:rev:0d05ba42d73a75036ed9b223ee7911c6cc471450,2023-06-13,Association for Computing Machinery (ACM),en,Proceedings of the ACM on Management of Data,2836-6573,https://doi.org/10.1145/3589282,https://api.crossref.org/works/10.1145/3589282,Crossref,https://reproducibility.sigmod.org/rep_rep/2023/SIGMOD23ARIReport-40.pdf,SIGMOD Availability & Reproducibility Initiative,18 June 2026
10.1145/3588723,SIGMOD,MRVs: Enforcing Numeric Invariants in Parallel Updates to Hotspots with Randomized Splitting,mrv,MRVs,https://github.com/nuno-faria/mrv,swh:1:dir:1fb6b3e523ae46b2fabf7de9b9e0ab38d2039f90;origin=https://github.com/nuno-faria/mrv;visit=swh:1:snp:afe0fb6f722a73e123cf3a59b6604759e45ff3d2;anchor=swh:1:rev:16876600e1da148b0d4e31517914a0e0e99b9d86,2023-05-26,Association for Computing Machinery (ACM),en,Proceedings of the ACM on Management of Data,2836-6573,https://doi.org/10.1145/3588723,https://api.crossref.org/works/10.1145/3588723,Crossref,https://reproducibility.sigmod.org/rep_rep/2023/SIGMOD23ARIReport-43.pdf,SIGMOD Availability & Reproducibility Initiative,18 June 2026
10.1145/3589306,SIGMOD,Using Cloud Functions as Accelerator for Elastic Data Analytics,pixels,,https://github.com/pixelsdb/pixels,swh:1:dir:c61cf92fb74b38e285a7ab3f5184528995c089da;origin=https://github.com/pixelsdb/pixels;visit=swh:1:snp:cc88e9bf5eddfe8c63a29811caa6cc6b11be63f8;anchor=swh:1:rev:83ad4923e509db60132396fa6db615b718840c8f,2023-06-13,Association for Computing Machinery (ACM),en,Proceedings of the ACM on Management of Data,2836-6573,https://doi.org/10.1145/3589306,https://api.crossref.org/works/10.1145/3589306,Crossref,https://reproducibility.sigmod.org/rep_rep/2023/SIGMOD23ARIReport-45.pdf,SIGMOD Availability & Reproducibility Initiative,18 June 2026
10.1145/3589259,SIGMOD,Parallel Strong Connectivity Based on Faster Reachability,parallel-strong-connectivity,,https://github.com/ucrparlay/parallel-strong-connectivity,swh:1:dir:f8010268bbb420c520037cc8b1b502bb631532f2;origin=https://github.com/ucrparlay/parallel-strong-connectivity;visit=swh:1:snp:665e591fd9c68c47d1a86e0edb2c4bab40780489;anchor=swh:1:rev:21550b06154bdc75d82767e749848691485b14db,2023-06-13,Association for Computing Machinery (ACM),en,Proceedings of the ACM on Management of Data,2836-6573,https://doi.org/10.1145/3589259,https://api.crossref.org/works/10.1145/3589259,Crossref,https://reproducibility.sigmod.org/rep_rep/2023/SIGMOD23ARIReport-48.pdf,SIGMOD Availability & Reproducibility Initiative,18 June 2026
10.1145/3588955,SIGMOD,INEv: In-Network Evaluation for Event Stream Processing,inev,INEv,https://github.com/samieze/inev,swh:1:dir:9166e27b1e1701eaaeffb49004b3feed396f6c40;origin=https://github.com/samieze/inev;visit=swh:1:snp:8ed06d5a7bf279582f36c695b070d1e68c07589e;anchor=swh:1:rev:0d65d7beb3a135337b999acbbe54218e153c4e4c,2023-05-26,Association for Computing Machinery (ACM),en,Proceedings of the ACM on Management of Data,2836-6573,https://doi.org/10.1145/3588955,https://api.crossref.org/works/10.1145/3588955,Crossref,https://reproducibility.sigmod.org/rep_rep/2023/SIGMOD23ARIReport-49.pdf,SIGMOD Availability & Reproducibility Initiative,18 June 2026
10.1145/3588929,SIGMOD,Discovering Similarity Inclusion Dependencies,sawfish,,https://github.com/hpi-information-systems/sawfish,swh:1:dir:b3f6985ef415f9475b48cecdbc91efb73a95ea4a;origin=https://github.com/hpi-information-systems/sawfish;visit=swh:1:snp:49bf7abd412cc4d7e9abc8fbe9b1a0252f39be19;anchor=swh:1:rev:0805e1ff5fa43a60b5cfe5f43384a1c0b6fdacd4,2023-05-26,Association for Computing Machinery (ACM),en,Proceedings of the ACM on Management of Data,2836-6573,https://doi.org/10.1145/3588929,https://api.crossref.org/works/10.1145/3588929,Crossref,https://reproducibility.sigmod.org/rep_rep/2023/SIGMOD23ARIReport-50.pdf,SIGMOD Availability & Reproducibility Initiative,18 June 2026
10.1145/3514221.3517850,SIGMOD,JEDI: These aren't the JSON documents you're looking for...,jedi-experiments,JEDI,https://github.com/databasegroup/jedi-experiments,swh:1:dir:ff39a2c9b8a8510a477337e11f0f2c3da87e7867;origin=https://github.com/databasegroup/jedi-experiments;visit=swh:1:snp:8126e44da01fdfe4c01fe8afab0d314d40c8b230;anchor=swh:1:rev:65b8a356ce7dcb7764f41a2cf008e01f3e17da34,2022-06-10,ACM,en,Proceedings of the 2022 International Conference on Management of Data,,https://doi.org/10.1145/3514221.3517850,https://api.crossref.org/works/10.1145/3514221.3517850,Crossref,https://reproducibility.sigmod.org/rep_rep/2022/Grust-SIGMODReproReport3.pdf,SIGMOD Availability & Reproducibility Initiative,18 June 2026
10.1145/3514221.3526129,SIGMOD,CoLES: Contrastive Learning for Event Sequences with Self-Supervision,coles-paper,CoLES,https://github.com/dllllb/coles-paper,swh:1:dir:d2b9cf8800af81b38b6f26a583479c36140ec330;origin=https://github.com/dllllb/coles-paper;visit=swh:1:snp:016209265aa0192b3d4c8593b6cbb0b72626762d;anchor=swh:1:rev:2538f0b2b00fb91dbfe363b2a18c3bb6d6f29bbf,2022-06-10,ACM,en,Proceedings of the 2022 International Conference on Management of Data,,https://doi.org/10.1145/3514221.3526129,https://api.crossref.org/works/10.1145/3514221.3526129,Crossref,https://reproducibility.sigmod.org/rep_rep/2022/Paparrizos-SIGMODReproReport4.pdf,SIGMOD Availability & Reproducibility Initiative,18 June 2026
10.1145/3514221.3517848,SIGMOD,Where Is My Training Bottleneck? Hidden Trade-Offs in Deep Learning Preprocessing Pipelines,presto,,https://github.com/cirquit/presto,swh:1:dir:fa98bbbc5964d1d5d06f6388171ebf61abe07650;origin=https://github.com/cirquit/presto;visit=swh:1:snp:4bb4d5361d9d1dbfd3176b0ce5a3e483b7ce46d0;anchor=swh:1:rev:5e41df35ddf952efe2dbd4632c2fd5d7f2937b89,2022-06-10,ACM,en,Proceedings of the 2022 International Conference on Management of Data,,https://doi.org/10.1145/3514221.3517848,https://api.crossref.org/works/10.1145/3514221.3517848,Crossref,https://reproducibility.sigmod.org/rep_rep/2022/Nikolic-SIGMODReproReport5.pdf,SIGMOD Availability & Reproducibility Initiative,18 June 2026
10.1145/3514221.3517866,SIGMOD,AutoMon: Automatic Distributed Monitoring for Arbitrary Multivariate Functions,automon,AutoMon,https://github.com/hsivan/automon,swh:1:dir:6b6bbc177c4db8a04aa62698f62d98cc8d9c9fb7;origin=https://github.com/hsivan/automon;visit=swh:1:snp:a224906f5956722a855f3f6e3de02ca0a2ee4036;anchor=swh:1:rev:c62415fe0136f192f8406cd576565f775c265b1a,2022-06-10,ACM,en,Proceedings of the 2022 International Conference on Management of Data,,https://doi.org/10.1145/3514221.3517866,https://api.crossref.org/works/10.1145/3514221.3517866,Crossref,https://reproducibility.sigmod.org/rep_rep/2022/Weidlich-SIGMODReproReport6.pdf,SIGMOD Availability & Reproducibility Initiative,18 June 2026
10.1145/3514221.3517830,SIGMOD,Conjunctive Queries with Comparisons,sparkcqc,,https://github.com/hkustdb/sparkcqc,swh:1:dir:cf14707ae9bf86b0a333786b33bd14a04ab8f7cd;origin=https://github.com/hkustdb/sparkcqc;visit=swh:1:snp:7a0df2ae081ede9118de4dafe22cab706cc577c0;anchor=swh:1:rev:8bc8a328f63b063338393d0098b5cc086c9a8f27,2022-06-10,ACM,en,Proceedings of the 2022 International Conference on Management of Data,,https://doi.org/10.1145/3514221.3517830,https://api.crossref.org/works/10.1145/3514221.3517830,Crossref,https://reproducibility.sigmod.org/rep_rep/2022/Neumann-SIGMODReproReport8.pdf,SIGMOD Availability & Reproducibility Initiative,18 June 2026
10.1145/3514221.3526125,SIGMOD,WeTune: Automatic Discovery and Verification of Query Rewrite Rules,,WeTune,,swh:1:dir:950acf678032ba85a529a9816a7c7f9ac3fd0548;origin=https://ipads.se.sjtu.edu.cn:1312/opensource/wetune;visit=swh:1:snp:7fea024b9c85e741adeb54c387eedc0c7e31572f;anchor=swh:1:rev:3e36def4ae6a8a1630eeb83e6fde2f727715297e,2022-06-10,ACM,en,Proceedings of the 2022 International Conference on Management of Data,,https://doi.org/10.1145/3514221.3526125,https://api.crossref.org/works/10.1145/3514221.3526125,Crossref,https://reproducibility.sigmod.org/rep_rep/2022/Zivanovic-SIGMODReproReport10.pdf,SIGMOD Availability & Reproducibility Initiative,18 June 2026
10.1145/3514221.3526172,SIGMOD,Hybrid Deterministic and Nondeterministic Execution of Transactions in Actor Systems,snapper-orleans,,https://github.com/diku-dk/snapper-orleans,swh:1:dir:9188e12eb24307b33afec11f6453da3d96cd092e;origin=https://github.com/diku-dk/snapper-orleans;visit=swh:1:snp:f86557faf1d24a13bea76e460190bff77ca79cc1;anchor=swh:1:rev:b2f023fdc6b279f2af12e23f7f0a24bb2522add0,2022-06-10,ACM,en,Proceedings of the 2022 International Conference on Management of Data,,https://doi.org/10.1145/3514221.3526172,https://api.crossref.org/works/10.1145/3514221.3526172,Crossref,https://reproducibility.sigmod.org/rep_rep/2022/Raza-SIGMODReproReport11.pdf,SIGMOD Availability & Reproducibility Initiative,18 June 2026
10.1145/3514221.3517899,SIGMOD,Controlled Intentional Degradation in Analytical Video Systems,video_degradation,,https://github.com/wenjiah/video_degradation,swh:1:dir:e680117bb4f5c82fd2d2405225fa456bf05004ed;origin=https://github.com/wenjiah/video_degradation;visit=swh:1:snp:187da4f75661db2155474176a9099413dce99127;anchor=swh:1:rev:5ebd6eef374ea4f7106edddc44785ddba769dc44,2022-06-10,ACM,en,Proceedings of the 2022 International Conference on Management of Data,,https://doi.org/10.1145/3514221.3517899,https://api.crossref.org/works/10.1145/3514221.3517899,Crossref,https://reproducibility.sigmod.org/rep_rep/2022/Pandey-SIGMODReproReport17.pdf,SIGMOD Availability & Reproducibility Initiative,18 June 2026
10.1145/3514221.3517887,SIGMOD,Explaining Link Prediction Systems based on Knowledge Graph Embeddings,kelpie,,https://github.com/androssi/kelpie,swh:1:dir:e749d99b68e65c337eb6308ba2020648fbb98044;origin=https://github.com/androssi/kelpie;visit=swh:1:snp:e5e3deb597e003f0ba1b8b431bfdde24793c1c8b;anchor=swh:1:rev:afb5f9253ffe39b55fbb1657369a239f83b7be67,2022-06-10,ACM,en,Proceedings of the 2022 International Conference on Management of Data,,https://doi.org/10.1145/3514221.3517887,https://api.crossref.org/works/10.1145/3514221.3517887,Crossref,https://reproducibility.sigmod.org/rep_rep/2022/Kondylakis-SIGMODReproReport20.pdf,SIGMOD Availability & Reproducibility Initiative,18 June 2026
10.1145/3514221.3526183,SIGMOD,dCAM: Dimension-wise Class Activation Map for Explaining Multivariate Data Series Classification,dcam,dCAM,https://github.com/boniolp/dcam,swh:1:dir:c293d0e2e5c2622f1fb4547b3658130c693c5fce;origin=https://github.com/boniolp/dcam;visit=swh:1:snp:7364650990fe535995dcfae723a13182bf8df76d;anchor=swh:1:rev:bf6510945ec952c2f1bf83796f3a69ab2502415f,2022-06-10,ACM,en,Proceedings of the 2022 International Conference on Management of Data,,https://doi.org/10.1145/3514221.3526183,https://api.crossref.org/works/10.1145/3514221.3526183,Crossref,https://reproducibility.sigmod.org/rep_rep/2022/Carbone-SIGMODReproReport23.pdf,SIGMOD Availability & Reproducibility Initiative,18 June 2026
10.1145/3514221.3526149,SIGMOD,HypeR: Hypothetical Reasoning With What-If and How-To Queries Using a Probabilistic Causal Approach,hyper-code,HypeR,https://github.com/sainyam/hyper-code,swh:1:dir:66e3473dc8cf888cb8071d6b71bbe9e9fd328f80;origin=https://github.com/sainyam/hyper-code;visit=swh:1:snp:1a3126f9e7ee94807da85bee822ac7b739cc2feb;anchor=swh:1:rev:92cfd0be7a5285ac83decb6b9a690b6b2f670ff6,2022-06-10,ACM,en,Proceedings of the 2022 International Conference on Management of Data,,https://doi.org/10.1145/3514221.3526149,https://api.crossref.org/works/10.1145/3514221.3526149,Crossref,https://reproducibility.sigmod.org/rep_rep/2022/Tang-SIGMODReproReport24.pdf,SIGMOD Availability & Reproducibility Initiative,18 June 2026
10.1145/3514221.3517864,SIGMOD,DataPrism: Exposing Disconnect between Data and Systems,dataprism,DataPrism,https://github.com/sainyam/dataprism,swh:1:dir:a8da207542e44ecd1581f7e8006f8ceba1de58fa;origin=https://github.com/sainyam/dataprism;visit=swh:1:snp:e0501a01aba0a0c45b73b0c544d99e1aafbc95db;anchor=swh:1:rev:4caf022eb44c42bbf2af3b7803bd94998a35dfa6,2022-06-10,ACM,en,Proceedings of the 2022 International Conference on Management of Data,,https://doi.org/10.1145/3514221.3517864,https://api.crossref.org/works/10.1145/3514221.3517864,Crossref,https://reproducibility.sigmod.org/rep_rep/2022/Wasay-SIGMODReproReport25.pdf,SIGMOD Availability & Reproducibility Initiative,18 June 2026
10.1145/3514221.3526146,SIGMOD,GraphZeppelin: Storage-Friendly Sketching for Connected Components on Dynamic Graph Streams,zeppelinexperiments,GraphZeppelin,https://github.com/graphstreamingproject/zeppelinexperiments,swh:1:dir:ebcbcd6abda23381ffe89408a0c61358cb2eb4bb;origin=https://github.com/graphstreamingproject/zeppelinexperiments;visit=swh:1:snp:2a0928c250cce4d4b675556ee6d9dabd70ba3fb2;anchor=swh:1:rev:3df33cc1de5649197b3a916332f97bf7a7cece3a,2022-06-10,ACM,en,Proceedings of the 2022 International Conference on Management of Data,,https://doi.org/10.1145/3514221.3526146,https://api.crossref.org/works/10.1145/3514221.3526146,Crossref,https://reproducibility.sigmod.org/rep_rep/2022/Dayan-SIGMODReproReport26.pdf,SIGMOD Availability & Reproducibility Initiative,18 June 2026
10.1145/3514221.3517865,SIGMOD,Rank Aggregation with Proportionate Fairness,rankaggregationproportionate,,https://github.com/mdmouinulislam/rankaggregationproportionate,swh:1:dir:0d02e983fc09362495c000fc8debc9f8a1eb50ad;origin=https://github.com/mdmouinulislam/rankaggregationproportionate;visit=swh:1:snp:d1cafd43600ee4eea8754cf95a5051ba2c01cfa8;anchor=swh:1:rev:e4d93fcbe12b863aaf73c465cf9ca101f82c9e4f,2022-06-10,ACM,en,Proceedings of the 2022 International Conference on Management of Data,,https://doi.org/10.1145/3514221.3517865,https://api.crossref.org/works/10.1145/3514221.3517865,Crossref,https://reproducibility.sigmod.org/rep_rep/2022/Nargesian-SIGMODReproReport22.pdf,SIGMOD Availability & Reproducibility Initiative,18 June 2026
10.1145/3514221.3526144,SIGMOD,Givens QR Decomposition over Relational Databases,figaro,,https://github.com/sigmod2022reprofigaro/figaro,,2022-06-10,ACM,en,Proceedings of the 2022 International Conference on Management of Data,,https://doi.org/10.1145/3514221.3526144,https://api.crossref.org/works/10.1145/3514221.3526144,Crossref,https://reproducibility.sigmod.org/rep_rep/2022/Tsoumakos-SIGMODReproReport15.pdf,SIGMOD Availability & Reproducibility Initiative,18 June 2026
10.1145/3448016.3452793,SIGMOD,Parallelizing Intra-Window Join on Multicores,alliancedb,,https://github.com/intellistream/alliancedb,swh:1:dir:50d14b8f4203fea81f9c207c8a0858a481192a16;origin=https://github.com/intellistream/alliancedb;visit=swh:1:snp:85edd6ec303c47a883079cf4fec4a4c3a60366d2;anchor=swh:1:rev:fbf471df3dfaa817a50f7abdcfa565efb19626de,2021-06-09,ACM,en,Proceedings of the 2021 International Conference on Management of Data,,https://doi.org/10.1145/3448016.3452793,https://api.crossref.org/works/10.1145/3448016.3452793,Crossref,https://reproducibility.sigmod.org/rep_rep/2021/Carbone-SIGMODReproReport1.pdf,SIGMOD Availability & Reproducibility Initiative,18 June 2026
10.1145/3448016.3457301,SIGMOD,REDS: Rule Extraction for Discovering Scenarios,reds_experiments,REDS,https://github.com/arzik1987/reds_experiments,swh:1:dir:0fd0e88338fc2bee5df5e3ef5c80fd8d2138b84d;origin=https://github.com/arzik1987/reds_experiments;visit=swh:1:snp:1656773af40a899ccd5cc41b1f0c9b92074eefb5;anchor=swh:1:rev:c81c846964834279085f1d0a48901a03e4701f6f,2021-06-09,ACM,en,Proceedings of the 2021 International Conference on Management of Data,,https://doi.org/10.1145/3448016.3457301,https://api.crossref.org/works/10.1145/3448016.3457301,Crossref,https://reproducibility.sigmod.org/rep_rep/2021/Cudre-Mauroux-SIGMODReproReport2.pdf,SIGMOD Availability & Reproducibility Initiative,18 June 2026
10.1145/3448016.3452802,SIGMOD,At-the-time and Back-in-time Persistent Sketches,attpcode,,https://github.com/yanqing-utah/attpcode,swh:1:dir:66880342c02de41986e86e7217242fcb30678965;origin=https://github.com/yanqing-utah/attpcode;visit=swh:1:snp:877be054425348a17d3f930c24eff5cd1c9144c7;anchor=swh:1:rev:e72f638ae17954c6f2d1505a843cccd6b80ce97e,2021-06-09,ACM,en,Proceedings of the 2021 International Conference on Management of Data,,https://doi.org/10.1145/3448016.3452802,https://api.crossref.org/works/10.1145/3448016.3452802,Crossref,https://reproducibility.sigmod.org/rep_rep/2021/Petrov-SIGMODReproReport3.pdf,SIGMOD Availability & Reproducibility Initiative,18 June 2026
10.1145/3448016.3452788,SIGMOD,LIMA: Fine-grained Lineage Tracing and Reuse in Machine Learning Systems,reproducibility,LIMA,https://github.com/damslab/reproducibility,swh:1:dir:8010cfd063c75bbef1c758397ba8e69aa49ab282;origin=https://github.com/damslab/reproducibility;visit=swh:1:snp:154724cdaaffb662869228775ea0d65a48458880;anchor=swh:1:rev:3fad358974c895cb639782995218bde42324d1ae,2021-06-09,ACM,en,Proceedings of the 2021 International Conference on Management of Data,,https://doi.org/10.1145/3448016.3452788,https://api.crossref.org/works/10.1145/3448016.3452788,Crossref,https://reproducibility.sigmod.org/rep_rep/2021/Nikolic-SIGMODReproReport4.pdf,SIGMOD Availability & Reproducibility Initiative,18 June 2026
10.1145/3448016.3452795,SIGMOD,Conformance Constraint Discovery,conformanceconstraintsreproducibility,,https://github.com/afariha/conformanceconstraintsreproducibility,swh:1:dir:7cd1a3acb43f957c0c3b93b17488cbcfc953283f;origin=https://github.com/afariha/conformanceconstraintsreproducibility;visit=swh:1:snp:21728ac7ca0bba3323acbe1f84de23d5bd14d15e;anchor=swh:1:rev:37814eacf5c954bad55000b4e5a74b5521eb8d63,2021-06-09,ACM,en,Proceedings of the 2021 International Conference on Management of Data,,https://doi.org/10.1145/3448016.3452795,https://api.crossref.org/works/10.1145/3448016.3452795,Crossref,https://reproducibility.sigmod.org/rep_rep/2021/Daltayanni-SIGMODReproReport7.pdf,SIGMOD Availability & Reproducibility Initiative,18 June 2026
10.1145/3448016.3457549,SIGMOD,ExDRa: Exploratory Data Science on Federated Raw Data,reproducibility,ExDRa,https://github.com/damslab/reproducibility,swh:1:dir:8010cfd063c75bbef1c758397ba8e69aa49ab282;origin=https://github.com/damslab/reproducibility;visit=swh:1:snp:154724cdaaffb662869228775ea0d65a48458880;anchor=swh:1:rev:3fad358974c895cb639782995218bde42324d1ae,2021-06-09,ACM,en,Proceedings of the 2021 International Conference on Management of Data,,https://doi.org/10.1145/3448016.3457549,https://api.crossref.org/works/10.1145/3448016.3457549,Crossref,https://reproducibility.sigmod.org/rep_rep/2021/Ioannidis-SIGMODReproReport8.pdf,SIGMOD Availability & Reproducibility Initiative,18 June 2026
10.1145/3448016.3457268,SIGMOD,MxTasks: How to Make Efficient Synchronization and Prefetching Easy,mxtasking-reproducibility,MxTasks,https://github.com/jmuehlig/mxtasking-reproducibility,swh:1:dir:5f3b1c82e2b8c7ffb3cbf826b22d954aae2eee3a;origin=https://github.com/jmuehlig/mxtasking-reproducibility;visit=swh:1:snp:e4e43b25fd76e4da4820ef989359308b538ea80d;anchor=swh:1:rev:71a4a17f7ba34e06a46f1b1641a647b07c3272fd,2021-06-09,ACM,en,Proceedings of the 2021 International Conference on Management of Data,,https://doi.org/10.1145/3448016.3457268,https://api.crossref.org/works/10.1145/3448016.3457268,Crossref,https://reproducibility.sigmod.org/rep_rep/2021/Wang-SIGMODReproReport9.pdf,SIGMOD Availability & Reproducibility Initiative,18 June 2026
10.1145/3448016.3457331,SIGMOD,Efficient Graph Summarization using Weighted LSH at Billion-Scale,ldme,,https://github.com/quintonyong/ldme,swh:1:dir:65fb30fc6f1002a94f51e6cdfb62523f63d5b8f3;origin=https://github.com/quintonyong/ldme;visit=swh:1:snp:a960dfd64b59d30b7956afb032294281c1669c2a;anchor=swh:1:rev:7ceb62493ddb1b0821fda3fa1f089cf5d4390b0c,2021-06-09,ACM,en,Proceedings of the 2021 International Conference on Management of Data,,https://doi.org/10.1145/3448016.3457331,https://api.crossref.org/works/10.1145/3448016.3457331,Crossref,https://reproducibility.sigmod.org/rep_rep/2021/Kondylakis-SIGMODReproReport24.pdf,SIGMOD Availability & Reproducibility Initiative,18 June 2026
10.1145/3448016.3459246,SIGMOD,Putting Things into Context,cajade,,https://github.com/iitdbgroup/cajade,swh:1:dir:d772dc6d618a5e5b333e569eefaddf70b6a49eed;origin=https://github.com/iitdbgroup/cajade;visit=swh:1:snp:647749500f8b66f1de1aa1442b712606d38a685e;anchor=swh:1:rev:ace5dfa38b644b7a124591d7fdc28bfa2cff51f8,2021-06-09,ACM,en,Proceedings of the 2021 International Conference on Management of Data,,https://doi.org/10.1145/3448016.3459246,https://api.crossref.org/works/10.1145/3448016.3459246,Crossref,https://reproducibility.sigmod.org/rep_rep/2021/Abedjan-SIGMODReproReport25.pdf,SIGMOD Availability & Reproducibility Initiative,18 June 2026
10.1145/3448016.3457304,SIGMOD,EIRES: Efficient Integration of Remote Data in Event Stream Processing,eires,EIRES,https://github.com/zbjob/eires,swh:1:dir:07676db98fc052a19114e6364d8a18568ed4aa21;origin=https://github.com/zbjob/eires;visit=swh:1:snp:7d478ed81db99a2c45f3c65770ec7724e9880cb5;anchor=swh:1:rev:4dc0a6bb3481d70ef8cb3149e4d04da2e936fe8a,2021-06-09,ACM,en,Proceedings of the 2021 International Conference on Management of Data,,https://doi.org/10.1145/3448016.3457304,https://api.crossref.org/works/10.1145/3448016.3457304,Crossref,https://reproducibility.sigmod.org/rep_rep/2021/Kalavri-SIGMODReproReport12.pdf,SIGMOD Availability & Reproducibility Initiative,18 June 2026
10.1145/3448016.3457323,SIGMOD,"SliceLine: Fast, Linear-Algebra-based Slice Finding for ML Model Debugging",reproducibility,SliceLine,https://github.com/damslab/reproducibility,swh:1:dir:8010cfd063c75bbef1c758397ba8e69aa49ab282;origin=https://github.com/damslab/reproducibility;visit=swh:1:snp:154724cdaaffb662869228775ea0d65a48458880;anchor=swh:1:rev:3fad358974c895cb639782995218bde42324d1ae,2021-06-09,ACM,en,Proceedings of the 2021 International Conference on Management of Data,,https://doi.org/10.1145/3448016.3457323,https://api.crossref.org/works/10.1145/3448016.3457323,Crossref,https://reproducibility.sigmod.org/rep_rep/2021/Tsoumakos-SIGMODReproReport13.pdf,SIGMOD Availability & Reproducibility Initiative,18 June 2026
10.1145/3448016.3452798,SIGMOD,Adaptive Compression for Fast Scans on String Columns,sigmod_reproducability,,https://github.com/johnfouf/sigmod_reproducability,swh:1:dir:b497baa91c5bfd12cec0ae679d2ab3a560dca63a;origin=https://github.com/johnfouf/sigmod_reproducability;visit=swh:1:snp:42533ba6b8536c999b729b7d3da4a02b539e1b76;anchor=swh:1:rev:db3acc74eac8d4f516b91fc684b2e2fd5bb26c4a,2021-06-09,ACM,en,Proceedings of the 2021 International Conference on Management of Data,,https://doi.org/10.1145/3448016.3452798,https://api.crossref.org/works/10.1145/3448016.3452798,Crossref,https://reproducibility.sigmod.org/rep_rep/2021/Paparrizos-SIGMODReproReport14.pdf,SIGMOD Availability & Reproducibility Initiative,18 June 2026
10.1145/3448016.3457244,SIGMOD,Tuplex,tuplex-public,,https://github.com/leonhardfs/tuplex-public,swh:1:dir:976a8149b1663e0489a462970b5c3d097c7b2ee6;origin=https://github.com/leonhardfs/tuplex-public;visit=swh:1:snp:bceafd9ec1fe079d8e6a7e508f853d61fe31acb8;anchor=swh:1:rev:5380aec8ab38017401610435511450cda9fd8b3b,2021-06-09,ACM,en,Proceedings of the 2021 International Conference on Management of Data,,https://doi.org/10.1145/3448016.3457244,https://api.crossref.org/works/10.1145/3448016.3457244,Crossref,https://reproducibility.sigmod.org/rep_rep/2021/Lehner-SIGMODReproReport16.pdf,SIGMOD Availability & Reproducibility Initiative,18 June 2026
10.1145/3448016.3457284,SIGMOD,Looking for Trouble: Analyzing Classifier Behavior via Pattern Divergence,divexplorer_sigmod21_experiments,Looking for Trouble,https://github.com/elianap/divexplorer_sigmod21_experiments,swh:1:dir:95409671a22593a2abc8a5a1930250e83a680da5;origin=https://github.com/elianap/divexplorer_sigmod21_experiments;visit=swh:1:snp:e81f8154ad29e643aab146a76ee5b4cb50e22a31;anchor=swh:1:rev:6d7753d8c843ddc98f34c2cfb29f0934defa5ff7,2021-06-09,ACM,en,Proceedings of the 2021 International Conference on Management of Data,,https://doi.org/10.1145/3448016.3457284,https://api.crossref.org/works/10.1145/3448016.3457284,Crossref,https://reproducibility.sigmod.org/rep_rep/2021/Wu-SIGMODReproReport17.pdf,SIGMOD Availability & Reproducibility Initiative,18 June 2026
10.1145/3448016.3457278,SIGMOD,Parallel Index-Based Structural Graph Clustering and Its Approximation,sigmod-reproducibility-parallel-scan,,https://github.com/tomtseng/sigmod-reproducibility-parallel-scan,swh:1:dir:dd232fba7e6f2a3119e08ae95d2fda72a099de53;origin=https://github.com/tomtseng/sigmod-reproducibility-parallel-scan;visit=swh:1:snp:16e5043fa83736d8f7a8a421bea71a2c79374c60;anchor=swh:1:rev:f469305bea19c2aaeda43341d3bcba882cb41265,2021-06-09,ACM,en,Proceedings of the 2021 International Conference on Management of Data,,https://doi.org/10.1145/3448016.3457278,https://api.crossref.org/works/10.1145/3448016.3457278,Crossref,https://reproducibility.sigmod.org/rep_rep/2021/Herodotou-SIGMODReproReport18.pdf,SIGMOD Availability & Reproducibility Initiative,18 June 2026
10.1145/3448016.3452791,SIGMOD,Efficient Uncertainty Tracking for Complex Queries with Attribute-level Bounds,audb_reproducibility,,https://github.com/fengsu91/audb_reproducibility,swh:1:dir:edcc22777889c36308853ec826d5b9a9f3949311;origin=https://github.com/fengsu91/audb_reproducibility;visit=swh:1:snp:a53217fd7abb06a50216f6969769620c321234ee;anchor=swh:1:rev:36bdcf101d633eedd93c31bc8be4f4d17de7f2d5,2021-06-09,ACM,en,Proceedings of the 2021 International Conference on Management of Data,,https://doi.org/10.1145/3448016.3452791,https://api.crossref.org/works/10.1145/3448016.3452791,Crossref,https://reproducibility.sigmod.org/rep_rep/2021/Zivanovic-SIGMODReproReport20.pdf,SIGMOD Availability & Reproducibility Initiative,18 June 2026
10.1145/3448016.3452840,SIGMOD,COMPASS: Online Sketch-based Query Optimization for In-Memory Databases,compass_query_optimizer,COMPASS,https://github.com/yizenov/compass_query_optimizer,swh:1:dir:b23ab74fb04c5bf52c078d01b901b230d5498c64;origin=https://github.com/yizenov/compass_query_optimizer;visit=swh:1:snp:ec4d326711ad3cc6114f739a7dc200743a24cfab;anchor=swh:1:rev:2b74f9138d3bd783c056638a509f92c27b193440,2021-06-09,ACM,en,Proceedings of the 2021 International Conference on Management of Data,,https://doi.org/10.1145/3448016.3452840,https://api.crossref.org/works/10.1145/3448016.3452840,Crossref,https://reproducibility.sigmod.org/rep_rep/2021/Bogatov-SIGMODReproReport21.pdf,SIGMOD Availability & Reproducibility Initiative,18 June 2026
10.1145/3448016.3457320,SIGMOD,Clonos,clonosreproducibility,,https://github.com/psilvestre/clonosreproducibility,swh:1:dir:b59ec0183d3053285b8141e5e697a17113afcb71;origin=https://github.com/psilvestre/clonosreproducibility;visit=swh:1:snp:135a1db446c5bc66b4741890162ae9400788f699;anchor=swh:1:rev:ba4d0a05b22552cf531c387d4f503758204e3a90,2021-06-09,ACM,en,Proceedings of the 2021 International Conference on Management of Data,,https://doi.org/10.1145/3448016.3457320,https://api.crossref.org/works/10.1145/3448016.3457320,Crossref,https://reproducibility.sigmod.org/rep_rep/2021/Blanas-SIGMODReproReport22.pdf,SIGMOD Availability & Reproducibility Initiative,18 June 2026
10.1145/3448016.3457292,SIGMOD,Maximizing Persistent Memory Bandwidth Utilization for OLAP Workloads,pmem-olap,,https://github.com/hpides/pmem-olap,swh:1:dir:c9c51d946d2a2036fcae1a83992052a82639ee2b;origin=https://github.com/hpides/pmem-olap;visit=swh:1:snp:f61b7dc80fc0f4b717d1faccd62225e23b4c9e56;anchor=swh:1:rev:43ec98018858f6be9209d2f3546cb27eeddd05f9,2021-06-09,ACM,en,Proceedings of the 2021 International Conference on Management of Data,,https://doi.org/10.1145/3448016.3457292,https://api.crossref.org/works/10.1145/3448016.3457292,Crossref,https://reproducibility.sigmod.org/rep_rep/2021/Appuswamy-SIGMODReproReport6.pdf,SIGMOD Availability & Reproducibility Initiative,18 June 2026
10.1145/3318464.3389742,SIGMOD,Creating Embeddings of Heterogeneous Relational Datasets for Data Integration Tasks,embdi,,https://gitlab.eurecom.fr/cappuzzo/embdi,swh:1:dir:e0b5a75f1e5c63449792c0d3696f739324dfab3b;origin=https://gitlab.eurecom.fr/cappuzzo/embdi;visit=swh:1:snp:67e639d0c05d3c7e200dab5c020be7e5d2446975;anchor=swh:1:rev:9c26445470395ca837b54d6474c014d8817a65a3,2020-05-31,ACM,en,Proceedings of the 2020 ACM SIGMOD International Conference on Management of Data,,https://doi.org/10.1145/3318464.3389742,https://api.crossref.org/works/10.1145/3318464.3389742,Crossref,https://reproducibility.sigmod.org/rep_rep/2020/RR-5.pdf,SIGMOD Availability & Reproducibility Initiative,18 June 2026
10.1145/3318464.3389697,SIGMOD,Efficient Algorithms for Densest Subgraph Discovery on Large Directed Graphs,sigmod2020dds,,https://github.com/chenhao-ma/sigmod2020dds,swh:1:dir:9c1d753690905fd523ae4beaed852224cbd2b554;origin=https://github.com/chenhao-ma/sigmod2020dds;visit=swh:1:snp:886f49bc09f33398fa756a3cf1f095956487144d;anchor=swh:1:rev:aca7514a9ce99f2e6b4dbfbdf0fc17edcefa4a1e,2020-05-31,ACM,en,Proceedings of the 2020 ACM SIGMOD International Conference on Management of Data,,https://doi.org/10.1145/3318464.3389697,https://api.crossref.org/works/10.1145/3318464.3389697,Crossref,https://reproducibility.sigmod.org/rep_rep/2020/RR-2.pdf,SIGMOD Availability & Reproducibility Initiative,18 June 2026
10.1145/3318464.3380599,SIGMOD,Realistic Re-evaluation of Knowledge Graph Completion Methods: An Experimental Study,kg_completion,,https://github.com/knowledge-graph/kg_completion,swh:1:dir:ac6ee13a766e883d549f61541b6cc298f3430fd5;origin=https://github.com/knowledge-graph/kg_completion;visit=swh:1:snp:fb03e7a702e3894a39fe1a20b77daeac3d22b3e1;anchor=swh:1:rev:e2faa641b700fe7dbc9874896688d0f54c0c4816,2020-05-31,ACM,en,Proceedings of the 2020 ACM SIGMOD International Conference on Management of Data,,https://doi.org/10.1145/3318464.3380599,https://api.crossref.org/works/10.1145/3318464.3380599,Crossref,https://reproducibility.sigmod.org/rep_rep/2020/RR-16.pdf,SIGMOD Availability & Reproducibility Initiative,18 June 2026
10.1145/3318464.3380577,SIGMOD,Factorized Graph Representations for Semi-Supervised Learning from Sparse Data,factorized-graphs,,https://github.com/northeastern-datalab/factorized-graphs,swh:1:dir:65ebd1f71f448214fe2a637fc2d99709de5cab32;origin=https://github.com/northeastern-datalab/factorized-graphs;visit=swh:1:snp:cf472594ddbc7d76db2b406417debae716d60935;anchor=swh:1:rev:167b0d172c3461f9a75861872ed758c51f4a9aa9,2020-05-31,ACM,en,Proceedings of the 2020 ACM SIGMOD International Conference on Management of Data,,https://doi.org/10.1145/3318464.3380577,https://api.crossref.org/works/10.1145/3318464.3380577,Crossref,https://reproducibility.sigmod.org/rep_rep/2020/RR-7.pdf,SIGMOD Availability & Reproducibility Initiative,18 June 2026
10.1145/3318464.3389778,SIGMOD,Locality-Sensitive Hashing Scheme based on Longest Circular Co-Substring,lccs-lsh,,https://github.com/1flei/lccs-lsh,swh:1:dir:227ee9482d6cc66f2c6c5742c9224836752b5586;origin=https://github.com/1flei/lccs-lsh;visit=swh:1:snp:cf2760d39fac2fe276a65797e98d502900fd120c;anchor=swh:1:rev:c903e557587de366e6ad67e8681b04061989bd6f,2020-05-31,ACM,en,Proceedings of the 2020 ACM SIGMOD International Conference on Management of Data,,https://doi.org/10.1145/3318464.3389778,https://api.crossref.org/works/10.1145/3318464.3389778,Crossref,https://reproducibility.sigmod.org/rep_rep/2020/RR-6.pdf,SIGMOD Availability & Reproducibility Initiative,18 June 2026
10.1145/3318464.3389763,SIGMOD,BugDoc: Algorithms to Debug Computational Processes,bugdoc,BugDoc,https://github.com/vida-nyu/bugdoc,swh:1:dir:b206a533c9433602ade90b5bb2eb2ce748434212;origin=https://github.com/vida-nyu/bugdoc;visit=swh:1:snp:e32ba6f6caf0e457b950b1db0997c16647ea5b41;anchor=swh:1:rev:f1938a891ea23b52f05b3c87f051242263414e86,2020-05-31,ACM,en,Proceedings of the 2020 ACM SIGMOD International Conference on Management of Data,,https://doi.org/10.1145/3318464.3389763,https://api.crossref.org/works/10.1145/3318464.3389763,Crossref,https://reproducibility.sigmod.org/rep_rep/2020/RR-14.pdf,SIGMOD Availability & Reproducibility Initiative,18 June 2026
10.1145/3318464.3389732,SIGMOD,Database Benchmarking for Supporting Real-Time Interactive Querying of Large Data,crossfilter-benchmark-public,,https://github.com/leibatt/crossfilter-benchmark-public,swh:1:dir:964668ec83c5ac11a76b2f8624317a91f9314a84;origin=https://github.com/leibatt/crossfilter-benchmark-public;visit=swh:1:snp:eada2cdb613f89378a76800ab830ad3d8c66baba;anchor=swh:1:rev:c78314323dc8224d71120020b10a21112652aa76,2020-05-31,ACM,en,Proceedings of the 2020 ACM SIGMOD International Conference on Management of Data,,https://doi.org/10.1145/3318464.3389732,https://api.crossref.org/works/10.1145/3318464.3389732,Crossref,https://reproducibility.sigmod.org/rep_rep/2020/RR-4.pdf,SIGMOD Availability & Reproducibility Initiative,18 June 2026
10.1145/3318464.3389712,SIGMOD,Automating Incremental and Asynchronous Evaluation for Recursive Aggregate Data Processing,powerlogae,,https://github.com/wangqge/powerlogae,,2020-05-31,ACM,en,Proceedings of the 2020 ACM SIGMOD International Conference on Management of Data,,https://doi.org/10.1145/3318464.3389712,https://api.crossref.org/works/10.1145/3318464.3389712,Crossref,https://reproducibility.sigmod.org/rep_rep/2020/RR-8.pdf,SIGMOD Availability & Reproducibility Initiative,18 June 2026
10.1145/3318464.3389703,SIGMOD,LISA: A Learned Index Structure for Spatial Data,lisa,LISA,https://github.com/pfl-cs/lisa,swh:1:dir:252832a6b63f0a45079b46778a258eb519b96489;origin=https://github.com/pfl-cs/lisa;visit=swh:1:snp:c1192aa4b85fb7aaa0d4cf135be0268dcf9605cb;anchor=swh:1:rev:747f20544514bcc4bbd25f8084f0c395cf7ebf07,2020-05-31,ACM,en,Proceedings of the 2020 ACM SIGMOD International Conference on Management of Data,,https://doi.org/10.1145/3318464.3389703,https://api.crossref.org/works/10.1145/3318464.3389703,Crossref,https://reproducibility.sigmod.org/rep_rep/2020/RR-13.pdf,SIGMOD Availability & Reproducibility Initiative,18 June 2026
10.1145/3318464.3380598,SIGMOD,Timely Reporting of Heavy Hitters using External Memory,,,,,2020-05-31,ACM,en,Proceedings of the 2020 ACM SIGMOD International Conference on Management of Data,,https://doi.org/10.1145/3318464.3380598,https://api.crossref.org/works/10.1145/3318464.3380598,Crossref,https://reproducibility.sigmod.org/rep_rep/2020/RR-15.pdf,SIGMOD Availability & Reproducibility Initiative,18 June 2026
10.1145/3318464.3380582,SIGMOD,Theoretically-Efficient and Practical Parallel DBSCAN,dbscan,,https://github.com/wangyiqiu/dbscan,swh:1:dir:6cc22db5cc1396d5625c7ae112a11ee41ecb6fef;origin=https://github.com/wangyiqiu/dbscan;visit=swh:1:snp:f2681fcc83e68cfe3637aaac776b033a324bd116;anchor=swh:1:rev:3ea6d41e074075bc384622d5946f58eaabbc5f25,2020-05-31,ACM,en,Proceedings of the 2020 ACM SIGMOD International Conference on Management of Data,,https://doi.org/10.1145/3318464.3380582,https://api.crossref.org/works/10.1145/3318464.3380582,Crossref,https://reproducibility.sigmod.org/rep_rep/2020/RR-9.pdf,SIGMOD Availability & Reproducibility Initiative,18 June 2026
